job,step_number,type,name,version,parameters
memsatsvm,1,Software,psiblast,2.2.26,-j 2 -h 1e-3 -e 1e-3 -a 2
memsatsvm,1,Software,uniref90,latest,null
memsatsvm,2,Software,run_memsat-svm,1.3,-mtx 1 -p 1 -e 1
pgenthreader,1,Software,hhblits,2.0.16,-iterations 3 -diff inf -cov 10 -Z 10000 -B 10000 -maxfilt 10000 -maxmem 5 -norealign
pgenthreader,1,Software,psiblast,2.2.26,-a 2 -b 0 -j 20 -h 0.01 -F F
pgenthreader,1,Software,hhdb uniclust30,2018_08,null
pgenthreader,1,Software,uniref90,latest,null
pgenthreader,2,Software,psipred,4.1,null
pgenthreader,3,Software,psipass2,4.1,null
pgenthreader,4,Software,hhblits,2.0.16,-iterations 3 -diff inf -cov 10 -Z 10000 -B 10000 -maxfilt 10000 -maxmem 5 -norealign
pgenthreader,4,Software,psiblast,2.2.26,-a 2 -b 0 -j 20 -h 0.01 -F F
pgenthreader,4,Software,hhdb uniclust30,2018_08,null
pgenthreader,4,Software,uniref90,latest,null
pgenthreader,5,Software,psuedo_bas,8.9,-c11.0 -C20 -h0.2
pgenthreader,5,Dataset,TDB,latest,null
pgenthreader,6,Software,svm_prob,8.9,null
pgenthreader,8,Software,pseudo_bas,8.9,-S -p -c11.0 -C20 -h0.2
psipred,1,Software,hhblits,2.0.16,-iterations 3 -diff inf -cov 10 -Z 10000 -B 10000 -maxfilt 10000 -maxmem 5 -norealign
psipred,1,Software,psiblast,2.2.26,-a 2 -b 0 -j 20 -h 0.01 -I F
psipred,1,Dataset,hhdb uniclust30,2018_08,null
psipred,1,Dataset,uniref90,latest,null
psipred,2,Software,psipred,4.1,null
psipred,3,Software,psipass2,4.1,null
